弹幕出现时间,弹幕格式,弹幕字体,弹幕颜色,弹幕时间戳,弹幕池,用户ID,rowID,弹幕信息
18.12600,1,25,16777215,Sun Mar 29 08:07:46 2020,0,cc7591d6,30565094824869891,由希
17.26700,1,25,16777215,Sun Mar 29 08:08:18 2020,0,c23df491,30565111500898309,看了看了，超爱
21.63600,1,25,16777215,Sun Mar 29 08:10:50 2020,0,b909dd94,30565191314309189,么有
69.81200,1,25,16777215,Sun Mar 29 08:12:06 2020,0,7e580715,30565230990852101,嗯 嗯 ⊙⊙！
20.14100,1,25,16777215,Sun Mar 29 08:19:52 2020,0,66b2ad24,30565475166453765,没追完呢
101.82400,1,25,16777215,Sun Mar 29 08:20:03 2020,0,1bfc39c,30565480849735683,嗯嗯嗯！
76.92300,1,25,16777215,Sun Mar 29 08:21:26 2020,0,1072b1b8,30565524760952839,嗯嗯嗯
5.35500,1,25,16777215,Sun Mar 29 08:21:45 2020,0,9a9beffe,30565534733434883,你好你好啊
12.95000,1,25,16777215,Sun Mar 29 08:21:55 2020,0,9a9beffe,30565539999907845,看了
91.79700,1,25,16777215,Sun Mar 29 08:27:17 2020,0,70749a37,30565708807012355,嗯！
104.76800,1,25,16777215,Sun Mar 29 08:27:48 2020,0,70749a37,30565725163749383,嗯
29.36800,1,25,16777215,Sun Mar 29 08:31:28 2020,0,95477620,30565840176807943,会看的！
94.55100,1,25,16777215,Sun Mar 29 08:35:48 2020,0,7f8714f8,30565976490639365,嗯嗯怪
3.56200,1,25,16777215,Sun Mar 29 08:37:19 2020,0,99930054,30566024213430275,ohhhh
25.62700,1,25,16777215,Sun Mar 29 08:38:15 2020,0,6052ce52,30566053384290307,他们好像在讲相声啊hhhh
3.86200,1,25,16777215,Sun Mar 29 08:39:04 2020,0,db43be82,30566078975311877,大大好()
12.66100,1,25,16777215,Sun Mar 29 08:39:28 2020,0,db43be82,30566091932041221,看啦d()
98.58100,1,25,16777215,Sun Mar 29 08:41:08 2020,0,db43be82,30566144340918277,期待！
43.88000,1,25,16777215,Sun Mar 29 08:41:36 2020,0,8b722b8e,30566159104344067,莫名感觉被迫营业hhhh
119.66100,1,25,16777215,Sun Mar 29 08:41:37 2020,0,db43be82,30566159491792903,z拜拜～
35.02500,1,25,16777215,Sun Mar 29 08:43:26 2020,0,fa3efc13,30566216509161475,双口相声吗这是！
30.56700,1,25,16777215,Sun Mar 29 08:43:27 2020,0,66f909c1,30566217047605253,信长爱了爱了
68.39200,1,25,16777215,Sun Mar 29 08:43:47 2020,0,32f771da,30566227549093895,嗯嗯嗯嗯嗯嗯嗯
16.94100,1,25,16777215,Sun Mar 29 08:43:50 2020,0,41444c,30566229206892549,看过了
16.18700,1,25,16777215,Sun Mar 29 08:44:41 2020,0,e32faa9,30566255990669319,看啦
84.79900,1,25,16777215,Sun Mar 29 08:44:48 2020,0,993a428a,30566259534856199,灵魂的嗯 嗯 嗯
91.80500,1,25,16777215,Sun Mar 29 08:45:56 2020,0,e32faa9,30566295521460229,超级期待（迷妹脸
106.70800,1,25,16777215,Sun Mar 29 08:46:33 2020,0,26cfa5c4,30566314718265349,期待
19.36400,1,25,16777215,Sun Mar 29 08:50:40 2020,0,d913a931,30566444240994311,大老师？伯爵？
60.04100,1,25,16777215,Sun Mar 29 08:52:45 2020,0,dc4afde9,30566509836763143,信长好可爱
120.35800,1,25,16777215,Sun Mar 29 08:54:04 2020,0,dc4afde9,30566551082500103,信长笑的好开心
70.16600,1,25,16777215,Sun Mar 29 08:54:57 2020,0,73ab4af0,30566578859802629,他只会嗯？
109.63300,1,25,16777215,Sun Mar 29 08:58:44 2020,0,47a94c64,30566698078699525,我想起了鬼灭小剧场的碳碳和祢豆子
86.05500,1,25,16777215,Sun Mar 29 08:59:02 2020,0,2fd12d57,30566707041402885,期待
75.47200,1,25,16777215,Sun Mar 29 09:02:37 2020,0,7b2b3d0b,30566820113547269,这个嗯XSWL
51.20400,1,25,16777215,Sun Mar 29 09:02:39 2020,0,4325cd5f,30566821192007685,同感，
95.66700,1,25,16777215,Sun Mar 29 09:05:40 2020,0,7e9ac150,30566915817078789,这个嗯嗯嗯太可爱了
21.47400,1,25,16777215,Sun Mar 29 09:06:06 2020,0,b227b7a9,30566929711759365,看了看了
12.78500,1,25,16777215,Sun Mar 29 09:06:47 2020,0,7d63154d,30566951040319491,看过啦！！！
33.50500,1,25,16777215,Sun Mar 29 09:07:14 2020,0,7d63154d,30566965198716933,谢谢你们！
106.50500,1,25,16777215,Sun Mar 29 09:08:41 2020,0,7d63154d,30567010996846597,我好爱！！！
43.66900,1,25,16777215,Sun Mar 29 09:08:56 2020,0,ef0a3b27,30567018601119751,漫才
17.13800,1,25,16777215,Sun Mar 29 09:09:24 2020,0,8c0c9731,30567033780305923,大大们好！
27.13900,1,25,16777215,Sun Mar 29 09:16:09 2020,0,ffc80265,30567246090731527,又掉老虎洞里了
21.11700,1,25,16777215,Sun Mar 29 09:20:59 2020,0,ec8aa705,30567397992169475,哟吼
15.00700,1,25,16777215,Sun Mar 29 09:21:50 2020,0,4404bf18,30567424762839045,没有
19.39800,1,25,16777215,Sun Mar 29 09:21:55 2020,0,4404bf18,30567427094872067,准备看
37.77500,1,25,16777215,Sun Mar 29 09:22:13 2020,0,4404bf18,30567436751208451,会看的
13.96600,1,25,16777215,Sun Mar 29 09:22:56 2020,0,78976a1f,30567459091120135,看了！！！
14.90500,5,25,16777215,Sun Mar 29 09:23:26 2020,0,ba913259,30567474975997959,看啦看啦～
49.11800,1,25,16777215,Sun Mar 29 09:23:41 2020,0,e8f1f3c5,30567482878066691,哈哈哈哈哈
116.75700,1,25,16777215,Sun Mar 29 09:30:58 2020,0,b7eb399a,30567712035438597,egu好可爱w
34.67400,1,25,16777215,Sun Mar 29 09:35:11 2020,0,9cc61d3f,30567844772052995,由希！
113.34600,1,25,8700107,Sun Mar 29 09:44:19 2020,0,af3cd2d0,30568131984359431,嗯～
38.64700,1,25,16777215,Sun Mar 29 09:52:33 2020,0,431e27c1,30568390970572803,逗哏捧哏哈哈哈哈哈
47.58700,1,25,16777215,Sun Mar 29 09:56:21 2020,0,1a0d8c89,30568510514003971,期待
50.92700,1,25,16777215,Sun Mar 29 09:56:28 2020,0,1a0d8c89,30568513847951363,期待
23.09200,1,25,16777215,Sun Mar 29 10:09:31 2020,0,469d54a0,30568924365455363,看了看了！
21.58700,1,25,16777215,Sun Mar 29 10:09:56 2020,0,b657086c,30568937543958533,看啦
26.87500,1,25,16777215,Sun Mar 29 10:10:13 2020,0,32685c7e,30568946372444165,看过啦~~~
107.24300,1,25,16777215,Sun Mar 29 10:12:23 2020,0,d727ed89,30569014844456965,哈喽期待
21.11300,1,25,16777215,Sun Mar 29 10:12:47 2020,0,1a11bfb8,30569027195109383,看啦
65.87000,1,25,16777215,Sun Mar 29 10:12:47 2020,0,fec3cec7,30569027355017221,信长很标准的社交笑
38.43100,1,25,16777215,Sun Mar 29 10:13:04 2020,0,1a11bfb8,30569036202901509,太好看啦
76.69600,1,25,16777215,Sun Mar 29 10:13:42 2020,0,1a11bfb8,30569056349716487,哈啊哈哈
99.60700,1,25,16777215,Sun Mar 29 10:14:05 2020,0,1a11bfb8,30569068253675523,期待期待
16.88800,1,25,16777215,Sun Mar 29 10:19:42 2020,0,cec845e,30569244619440131,看啦
54.62100,1,25,16777215,Sun Mar 29 10:19:46 2020,0,4fd8d66a,30569246825119747,！！！！
24.21900,1,25,16777215,Sun Mar 29 10:22:09 2020,0,47aecbcb,30569322166353925,谢谢你们！！！！
120.98300,1,25,16777215,Sun Mar 29 10:24:10 2020,0,fb6a437f,30569385324183557,超期待
51.02600,1,25,16777215,Sun Mar 29 10:30:45 2020,0,95fe5506,30569592541675525,想起了俺物语
5.22200,1,25,16777215,Sun Mar 29 10:32:26 2020,0,b7d428c4,30569645256212485,好帅
29.22100,1,25,16777215,Sun Mar 29 10:33:42 2020,0,ab5707d,30569685354807303,前不久还回顾了一遍
109.02700,1,25,16777215,Sun Mar 29 10:34:14 2020,0,db206d6,30569702440828935,拓也笑一笑
23.24600,1,25,16777215,Sun Mar 29 10:38:30 2020,0,a66d4dc3,30569836190367749,信长信长！
27.82600,1,25,16777215,Sun Mar 29 10:40:16 2020,0,d1d4d736,30569891893346311,谢谢你们！！！！
24.36900,1,25,16777215,Sun Mar 29 10:40:45 2020,0,aec16be8,30569907093504007,换个角度看就是春物（大老师）和刀剑（优吉欧）的问候
90.77600,1,25,16777215,Sun Mar 29 10:42:22 2020,0,f7c42fbb,30569958024413255,我想看阿夹的配音员
21.43500,1,25,16777215,Sun Mar 29 10:45:34 2020,0,97b13926,30570058472226821,看了
33.85500,1,25,14811775,Sun Mar 29 10:47:24 2020,0,bb14885a,30570116078895109,赞赞赞
20.84100,1,25,16777215,Sun Mar 29 10:48:05 2020,0,e19f0f86,30570137737756677,信长的笑还是那么甜
88.07300,1,25,16777215,Sun Mar 29 10:48:35 2020,0,994def20,30570153729589255,嗯？嗯？？
50.98500,1,25,16777215,Sun Mar 29 10:48:50 2020,0,7d3ebec9,30570161119428613,一股大老师的味道
8.58200,1,25,16777215,Sun Mar 29 10:51:13 2020,0,b583faf4,30570236570763269,大大好！
15.76100,1,25,16777215,Sun Mar 29 10:51:25 2020,0,b583faf4,30570242613182469,看啦！
18.48600,1,25,16777215,Sun Mar 29 10:58:27 2020,0,38faf507,30570463926681603,看过啦
109.67200,1,25,16777215,Sun Mar 29 10:59:56 2020,0,1b7a3a3a,30570510865661959,嗯嗯嗯
110.98500,1,25,16777215,Sun Mar 29 11:05:11 2020,0,576ea22a,30570675842842629,无限的嗯嗯嗯
101.11700,1,25,16777215,Sun Mar 29 11:08:02 2020,0,64ef8527,30570765091864579,大老师你不要一直嗯嗯嗯啊
86.08000,1,25,16777215,Sun Mar 29 11:09:41 2020,0,882c39d,30570817442545667,ゆき君と透ちゃん……一wにじゃなっかた(T ^ T)
46.90400,1,25,16777215,Sun Mar 29 11:11:21 2020,0,f4be2bd3,30570869627027459,期待啊
17.18600,1,25,16777215,Sun Mar 29 11:11:25 2020,0,a3949796,30570871770841095,看了
89.23700,5,25,15138834,Sun Mar 29 11:12:32 2020,0,317cd052,30570906817396743,嗯～～嗯～～
77.62000,1,25,16777215,Sun Mar 29 11:17:46 2020,0,23d6e9b0,30571071247220805,嗯嗯嗯嗯嗯嗯呢
14.57200,1,25,16777215,Sun Mar 29 11:21:54 2020,0,dc7f6522,30571201699512325,看过啦！
108.83100,1,25,16777215,Sun Mar 29 11:23:29 2020,0,dc7f6522,30571251150880771,期待期待！
10.80800,1,25,16777215,Sun Mar 29 11:24:33 2020,0,9a4f6c9f,30571285143617539,看了看了
31.43200,1,25,16777215,Sun Mar 29 11:25:40 2020,0,620d8a90,30571320050712581,可爱卡哇伊
95.15500,1,25,16777215,Sun Mar 29 11:26:44 2020,0,620d8a90,30571353485606919,哈哈哈哈   好有意思的两只
18.71600,1,25,16777215,Sun Mar 29 11:29:54 2020,0,81faed43,30571453209378883,看了看了
7.89300,1,25,16777215,Sun Mar 29 11:31:49 2020,0,95f315d7,30571513538150407,好帅啊！
14.21300,1,25,16777215,Sun Mar 29 11:31:59 2020,0,95f315d7,30571518742233093,看过了！
12.85200,1,25,16777215,Sun Mar 29 11:33:15 2020,0,f04f3b73,30571558849740803,看啦看啦
41.47200,1,25,16777215,Sun Mar 29 11:42:36 2020,0,7ffe91bc,30571852927074309,这两个人好可爱啊
25.92100,1,25,16777215,Sun Mar 29 11:43:20 2020,0,c7b74fee,30571875995222021,信长
1.94600,1,25,16777215,Sun Mar 29 11:49:38 2020,0,960a1cb1,30572073916563459,信长大可爱！！！
4.22300,1,25,16777215,Sun Mar 29 11:50:05 2020,0,960a1cb1,30572088105369607,哦哦哦信长这个笑太可爱了
75.30600,1,25,16777215,Sun Mar 29 11:51:49 2020,0,a838ff71,30572142904999939,信长，拓也～
86.05300,1,25,16777215,Sun Mar 29 11:52:06 2020,0,7ffe91bc,30572151594549251,嗯嗯嗯嗯嗯嗯呢
23.51900,1,25,16777215,Sun Mar 29 12:01:22 2020,0,21e53bb0,30572443313635331,看过啦！
45.32600,1,25,16777215,Sun Mar 29 12:01:44 2020,0,21e53bb0,30572454694879239,谢谢你们！
28.94100,1,25,16777215,Sun Mar 29 12:02:32 2020,0,27636d15,30572479858081795,由希啊
97.65100,1,25,16777215,Sun Mar 29 12:02:37 2020,0,21e53bb0,30572482139783175,嗯！
20.28300,1,25,16777215,Sun Mar 29 12:06:46 2020,0,fdd2887d,30572612807557123,看啦！！！
101.52000,1,25,16777215,Sun Mar 29 12:09:27 2020,0,5c27c2ca,30572697449660423,信长笑的可爱！
68.02700,1,25,16777215,Sun Mar 29 12:11:28 2020,0,b89c7ff2,30572760860721157,超喜欢仓伎真知
97.18300,1,25,16777215,Sun Mar 29 12:13:19 2020,0,6f6e4521,30572819174129671,君猛嗯
12.26600,1,25,16777215,Sun Mar 29 12:23:01 2020,0,18a01cdd,30573124184440837,小信长好甜
24.89800,1,25,16777215,Sun Mar 29 12:28:04 2020,0,ef9afc2d,30573283183165443,哈哈哈信长笑的好甜
9.50600,1,25,16777215,Sun Mar 29 12:29:43 2020,0,e213aed3,30573334731161603,ooooooooh
15.82100,1,25,16777215,Sun Mar 29 12:30:36 2020,0,8a6f84c9,30573362937331719,大老师
10.68000,1,25,16777215,Sun Mar 29 12:30:53 2020,0,f6adf1a,30573371531460611,可爱
17.85900,1,25,16777215,Sun Mar 29 12:31:00 2020,0,f6adf1a,30573375298469891,看啦
37.48400,1,25,16777215,Sun Mar 29 12:31:20 2020,0,f6adf1a,30573385609641991,信长好可爱啊啊啊
15.46600,1,25,16777215,Sun Mar 29 12:35:56 2020,0,d539ef3d,30573530624032773,看过啦！
12.04800,1,25,16777215,Sun Mar 29 12:38:58 2020,0,6657f801,30573625913901061,U!G!O!
75.74200,1,25,16777215,Sun Mar 29 12:43:07 2020,0,ce11f9a7,30573756440117253,不愧是大老师
77.00700,1,25,16777215,Sun Mar 29 12:47:42 2020,0,d7bc9070,30573900400689159,被绑架你们就眨眨眼
30.68400,1,25,16777215,Sun Mar 29 12:56:16 2020,0,6099ee52,30574170194575367,阿夹呀
31.38400,1,25,16777215,Sun Mar 29 13:04:49 2020,0,c40d40ab,30574439004897283,坐等坐等
59.73400,1,25,16777215,Sun Mar 29 13:19:59 2020,0,6ba584c8,30574916194533381,egu真的好高啊
94.84700,1,25,16777215,Sun Mar 29 13:24:08 2020,0,fc2947b2,30575046572900355,超级期待(B`B)
78.95800,1,25,16776960,Sun Mar 29 13:27:09 2020,0,6970d87b,30575141453824003,些许敷衍 有点尬
36.48500,1,25,16777215,Sun Mar 29 13:38:08 2020,0,6faaa8f7,30575487284674567,期待期待
17.07900,1,25,16777215,Sun Mar 29 13:38:22 2020,0,bc320c6b,30575494188498949,没有
120.37800,1,25,16777215,Sun Mar 29 13:39:37 2020,0,eed2a0dc,30575533934772227,谢谢
39.75000,1,25,16777215,Sun Mar 29 13:41:13 2020,0,9fdde034,30575583885262853,信长可爱
15.26800,1,25,16777215,Sun Mar 29 13:44:33 2020,0,133ed757,30575688973025287,看了看了！
102.96800,1,25,16777215,Sun Mar 29 13:46:26 2020,0,133ed757,30575748196597767,期待的搓手手
30.15400,1,25,16777215,Sun Mar 29 14:03:23 2020,0,46a7acf5,30576281172574215,优吉欧啊啊啊
78.04900,1,25,16777215,Sun Mar 29 14:09:06 2020,0,1b338095,30576461394477123,嗯嗯
60.30500,1,25,16777215,Sun Mar 29 14:09:13 2020,0,47e95d07,30576464635625477,egu！！！
90.93500,1,25,16777215,Sun Mar 29 14:09:19 2020,0,1b338095,30576468052410373,嗯嗯嗯嗯嗯嗯嗯
69.81700,1,25,16777215,Sun Mar 29 14:09:22 2020,0,47e95d07,30576469616885765,egu天空树
102.38400,1,25,16777215,Sun Mar 29 14:09:31 2020,0,1b338095,30576474145161219,嗯！
35.20700,1,25,16777215,Sun Mar 29 14:23:12 2020,0,31ecf360,30576904762818567,QAQ
2.40900,1,25,16777215,Sun Mar 29 14:40:07 2020,0,c18f4456,30577436941877251,有生之年
20.79800,1,25,16777215,Sun Mar 29 14:49:28 2020,0,3bd8ef1f,30577731128786949,看了看了~
10.32300,1,25,16777215,Sun Mar 29 14:51:02 2020,0,5a7f5c21,30577780430733315,爱了，爱了
21.27900,1,25,16777215,Sun Mar 29 14:51:13 2020,0,5a7f5c21,30577786186891271,好看呀！
35.50700,1,25,16777215,Sun Mar 29 14:54:03 2020,0,d4123c5e,30577875436961799,二人漫才？
14.40000,1,25,16777215,Sun Mar 29 14:54:22 2020,0,961bd0ae,30577885048209413,信长小天使！！
82.23900,1,25,16777215,Sun Mar 29 14:56:37 2020,0,b5765c2e,30577956204576775,我咋觉得这么搞笑
109.61200,1,25,9033215,Sun Mar 29 15:01:05 2020,0,df908aff,30578096221454343,期待期待!
105.72000,1,25,16777215,Sun Mar 29 15:04:54 2020,0,92aca42d,30578216303853573,好きです
92.92600,1,25,16777215,Sun Mar 29 15:19:58 2020,0,7e2ca6b2,30578690417491973,超级期待啊啊啊
19.21900,1,25,16777215,Sun Mar 29 15:27:10 2020,0,eed323a6,30578916772544515,看啦
77.07700,1,25,16777215,Sun Mar 29 15:49:02 2020,0,c69432f8,30579605102919683,嗯嗯嗯嗯嗯嗯嗯嗯嗯嗯嗯嗯嗯嗯，一直嗯嗯嗯嗯嗯
55.58200,1,25,16777215,Sun Mar 29 15:53:14 2020,0,81cb66d7,30579736883232773,这个小哥哥长得挺不错哒
27.67200,1,25,16777215,Sun Mar 29 16:09:44 2020,0,a97dfde6,30580256244498435,看过！
22.30000,1,25,16777215,Sun Mar 29 16:16:29 2020,0,b92bbba4,30580468464746503,居然还有第三季
29.21600,1,25,16777215,Sun Mar 29 16:16:36 2020,0,b92bbba4,30580471952834565,居然还有第三季
6.10600,1,25,16777215,Sun Mar 29 16:35:14 2020,0,496c6cf,30581058149285891,有生之年
17.54700,1,25,16777215,Sun Mar 29 16:48:38 2020,0,55dcea8f,30581479584563203,看了！
72.66700,1,25,16777215,Sun Mar 29 16:49:51 2020,0,95093d48,30581517699776515,嗯嗯嗯嗯
91.21500,1,25,16777215,Sun Mar 29 16:50:10 2020,0,95093d48,30581527881449477,嗯嗯嗯嗯嗯嗯嗯嗯嗯嗯嗯
95.12500,1,25,16777215,Sun Mar 29 16:50:12 2020,0,8ed05c31,30581528795807751,信长声音跟配由希完全不一样的感觉
37.35300,1,25,16777215,Sun Mar 29 17:01:53 2020,0,98fe6306,30581896168079365,阿里嘎多
18.46600,1,25,16777215,Sun Mar 29 17:09:24 2020,0,84a71f02,30582132818051075,看了
97.14100,1,25,16777215,Sun Mar 29 17:35:07 2020,0,da7fb548,30582942032461831,期待
30.07400,1,25,16777215,Sun Mar 29 17:35:48 2020,0,6e894232,30582963675594755,嗷嗷，爱死了
73.67700,1,25,16777215,Sun Mar 29 17:36:33 2020,0,19cb70d2,30582986940350467,嗯嗯嗯呢嫩嫩嗯嗯嗯嗯嫩嗯呢
114.46400,1,25,16777215,Sun Mar 29 17:47:37 2020,0,5cbbcaf4,30583335004667911,嗯，期待
26.58000,1,25,16777215,Sun Mar 29 18:03:36 2020,0,af0ac4e1,30583838064771075,看啦
8.65900,1,25,16777215,Sun Mar 29 18:32:16 2020,0,cc4bf56,30584739469983751,由希！
117.39300,1,25,16777215,Sun Mar 29 18:33:31 2020,0,488e79f3,30584778895392773,期待期待(B`B)
108.83200,1,25,16777215,Sun Mar 29 18:56:27 2020,0,c908987a,30585500381741059,期待
4.67700,1,25,16777215,Sun Mar 29 19:45:15 2020,0,c31b668a,30587035620212743,信长！！！！
83.46100,1,25,16777215,Sun Mar 29 19:49:33 2020,0,a1139d27,30587171063726087,嗯嗯嗯嗯嗯嗯嗯
59.01500,1,25,16777215,Sun Mar 29 19:57:11 2020,0,1680919c,30587410872532997,工口弟弟好帅
19.24600,1,25,16777215,Sun Mar 29 20:01:47 2020,0,9ceac327,30587555554000901,！！！
15.27100,1,25,16777215,Sun Mar 29 20:07:11 2020,0,256f1614,30587725709574147,有生之年
13.55700,1,25,16777215,Sun Mar 29 20:43:40 2020,0,b311a326,30588873283731463,信长和egu――！
12.60200,1,25,16777215,Sun Mar 29 21:12:26 2020,0,c1164c5e,30589778302337029,有生之年!!!!!!!!
36.00600,1,25,16777215,Sun Mar 29 21:25:12 2020,0,f4de320f,30590179733405699,好期待哦
86.08600,1,25,16777215,Sun Mar 29 21:26:02 2020,0,f4de320f,30590206009147397,喜欢由希！
120.98300,1,25,16777215,Sun Mar 29 21:26:37 2020,0,f4de320f,30590224294739973,追定了
6.81400,1,25,16777215,Sun Mar 29 21:39:05 2020,0,9656e957,30590616241963011,可爱！！！！！
75.48800,1,25,41194,Sun Mar 29 21:40:19 2020,0,9656e957,30590655111102469,可爱
13.25800,1,25,16777215,Sun Mar 29 21:40:46 2020,0,ea61721b,30590669643841541,有生之年啊
70.54600,1,25,14811775,Sun Mar 29 21:40:49 2020,0,d26a3fbd,30590671163752455,大老师你挡住我看海报上的夹了
19.00300,1,25,16777215,Sun Mar 29 21:44:17 2020,0,45f517f6,30590779810381831,看过了
16.19000,1,25,16777215,Sun Mar 29 22:01:43 2020,0,3a0ad2c5,30591328291127299,士道与大老师
6.92200,1,25,16777215,Sun Mar 29 22:26:37 2020,0,c570ab25,30592111996829703,好帅
52.86900,1,25,16777215,Sun Mar 29 22:27:44 2020,0,c570ab25,30592146600361989,哈哈哈
50.47200,1,25,16777215,Sun Mar 29 22:32:36 2020,0,47d42a97,30592299961942021,我真的太可这个番了
5.92600,1,25,16777215,Sun Mar 29 22:40:48 2020,0,b3fe635a,30592557810974725,真有生之年系列啊
14.65800,1,25,16777215,Sun Mar 29 22:40:58 2020,0,b3fe635a,30592563102613509,看了
30.36100,1,25,15138834,Sun Mar 29 22:46:01 2020,0,d4af56f,30592721850728451,一样太好了
78.74700,1,25,16777215,Sun Mar 29 23:11:28 2020,0,bb058684,30593522690686979,捧哏?
12.62300,1,25,16777215,Sun Mar 29 23:11:43 2020,0,a636f417,30593530527744005,看了看了
17.02600,1,25,16777215,Sun Mar 29 23:12:28 2020,0,508dac51,30593554312069127,有生之年
70.28900,1,25,16777215,Mon Mar 30 00:03:48 2020,0,f649667a,30595169093419015,嗯就对了
87.72700,1,25,16777215,Mon Mar 30 00:04:11 2020,0,f649667a,30595180901957637,说相声呢
23.28600,1,25,16777215,Mon Mar 30 00:32:05 2020,0,25565d35,30596058513932293,大老师声优吗
14.86600,1,25,16777215,Mon Mar 30 00:55:48 2020,0,10d6967a,30596804450451463,看过啦！
16.22600,1,25,16777215,Mon Mar 30 02:08:13 2020,0,63b4ca0b,30599082652729347,看了看了！
86.72100,1,25,16777215,Mon Mar 30 02:09:25 2020,0,63b4ca0b,30599120368959493,嗯嗯嗯
21.22200,1,25,16777215,Mon Mar 30 02:10:32 2020,0,60233c5f,30599155566510083,这是！！！
29.54000,1,25,16777215,Mon Mar 30 02:30:09 2020,0,d94a105e,30599772620455943,？！
68.76200,1,25,16777215,Mon Mar 30 03:32:31 2020,0,a2586b92,30601734275989511,凑比起古
14.96200,1,25,16777215,Mon Mar 30 08:53:25 2020,0,ff4a4600,30611829036154887,看过了
23.47300,1,25,16777215,Mon Mar 30 08:53:34 2020,0,ff4a4600,30611833873760261,看了
41.92700,1,25,16777215,Mon Mar 30 09:39:20 2020,0,9015383b,30613273630998597,这衣服是录音室统一发的吗
15.04400,1,25,16777215,Mon Mar 30 10:13:13 2020,0,2ae0d697,30614339313467399,震惊 有生之年
115.92900,1,25,16777215,Mon Mar 30 10:45:20 2020,0,78e34c51,30615349916336131,期待
68.48600,1,25,16777215,Mon Mar 30 11:05:42 2020,0,4e3f499b,30615990647128071,嗯 嗯 嗯嗯嗯
73.16700,1,25,16777215,Mon Mar 30 11:05:56 2020,0,4e3f499b,30615997900128263,嗯嗯嗯 嗯 嗯恩
5.90500,1,25,16777215,Mon Mar 30 11:38:43 2020,0,b311a326,30617028899897349,可爱！！！
63.06200,1,25,16777215,Mon Mar 30 11:47:19 2020,0,4cb2b6be,30617299474972675,工口弟弟胖了
9.06800,1,25,16777215,Mon Mar 30 11:59:22 2020,0,2c5fb46e,30617678773223429,只要我活得久
98.28300,1,25,16777215,Mon Mar 30 14:04:15 2020,0,f428519b,30621607014170629,期待
72.71400,1,25,16777215,Mon Mar 30 14:29:03 2020,0,72f9f308,30622387479248899,嗯嗯嗯嗯嗯嗯嗯嗯嗯嗯嗯嗯嗯嗯嗯嗯嗯嗯嗯
78.84400,1,25,16777215,Mon Mar 30 14:31:16 2020,0,8c5371f4,30622456990924807,嗯嗯嗯嗯 哈哈哈哈
93.69500,1,25,16777215,Mon Mar 30 14:41:59 2020,0,672132c3,30622794333552645,可爱死了
10.60300,1,25,16777215,Mon Mar 30 16:15:11 2020,0,bb6aa5d3,30625725876797443,egu好高wwww
64.56300,1,25,16777215,Mon Mar 30 16:16:38 2020,0,bb6aa5d3,30625771346198531,egu好帅啊
20.55000,1,25,16777215,Mon Mar 30 16:20:19 2020,0,5e04000,30625887522652167,看过啦
5.66600,1,25,16777215,Mon Mar 30 17:45:09 2020,0,db696332,30628555814076421,我又可以了!
65.67100,1,25,16777215,Mon Mar 30 18:39:22 2020,0,f003265e,30630261812101125,期待期待期待……等不及了
61.79500,1,25,13369971,Mon Mar 30 18:47:01 2020,0,818e513e,30630502413631491,嗯~
8.77900,1,25,16777215,Mon Mar 30 19:12:25 2020,0,7823fd0d,30631301357240327,有生之年
31.25200,1,25,16777215,Mon Mar 30 19:43:29 2020,0,4865944c,30632278568206339,相声既视感
25.34600,1,25,16777215,Mon Mar 30 20:27:55 2020,0,15cd56f6,30633676015927299,说相声嘛哈哈
12.67600,1,25,16777215,Mon Mar 30 22:19:32 2020,0,af1b88c9,30637187127574533,有生之年
39.40900,1,25,16777215,Tue Mar 31 01:27:13 2020,0,56e085d,30643091557842951,排面排面
108.44200,1,25,16777215,Tue Mar 31 08:03:46 2020,0,38566c4a,30655565619789829,嗯嗯嗯
26.55900,1,25,16777215,Tue Mar 31 08:55:59 2020,0,aff1a1e8,30657208320000005,你们两位都老了许多
87.56900,1,25,16777215,Tue Mar 31 09:12:49 2020,0,4d503b86,30657738025992199,嗯嗯嗯嗯嗯嗯嗯嗯
120.61500,1,25,16777215,Tue Mar 31 09:13:22 2020,0,4d503b86,30657755209531395,超级期待！！
119.78400,1,25,16777215,Tue Mar 31 09:32:45 2020,0,6a9f1b00,30658365268951047,好帅
21.86700,1,25,16777215,Tue Mar 31 09:52:31 2020,0,f176ff98,30658986918281221,果然活得久是有好处的！！！
38.93200,1,25,16777215,Tue Mar 31 10:53:15 2020,0,c78a0962,30660897324138499,期待了好久的
13.47500,1,25,16777215,Tue Mar 31 13:26:16 2020,0,7462965a,30665711046623239,太好了
8.15900,1,25,16777215,Tue Mar 31 13:26:28 2020,0,7462965a,30665716933328899,太好了
10.84000,1,25,16777215,Tue Mar 31 14:42:08 2020,0,335243c,30668097681096711,有生之年
8.95100,1,25,16777215,Tue Mar 31 15:27:49 2020,0,75b2242b,30669534563663875,有生之年
114.23900,1,25,16777215,Tue Mar 31 15:41:52 2020,0,8ed7a819,30669976321916931,期待！
85.12200,1,25,16777215,Tue Mar 31 17:13:30 2020,0,e707e05d,30672858733608963,说相声呢
25.28600,1,25,16777215,Tue Mar 31 17:37:14 2020,0,11a12ff9,30673605484871687,看了看了！！！
20.92000,1,25,16777215,Tue Mar 31 17:37:32 2020,0,11a12ff9,30673615066234887,看了看了
13.56400,1,25,16777215,Tue Mar 31 19:04:33 2020,0,3ae0f240,30676352315686915,有生之年
23.92200,1,25,16777215,Tue Mar 31 19:04:44 2020,0,3ae0f240,30676357810225159,看了
74.26700,1,25,16777215,Tue Mar 31 19:08:50 2020,0,4c0eeeae,30676487236485123,嗯，嗯嗯嗯
16.04900,1,25,16777215,Tue Mar 31 19:34:22 2020,0,67891d0c,30677290110681091,nobu！！！！
32.08600,1,25,16777215,Tue Mar 31 19:35:03 2020,0,67891d0c,30677311493767173,大老师和立香
39.68300,1,25,16777215,Tue Mar 31 19:49:53 2020,0,5574a885,30677778420465667,相声？（狗头）
87.27700,1,25,16777215,Tue Mar 31 19:50:41 2020,0,5574a885,30677803267522565,嗯嗯嗯，嗯，嗯嗯
8.59200,1,25,16777215,Tue Mar 31 20:20:33 2020,0,e0b6edf7,30678743188504579,天啊
112.08100,1,25,16777215,Tue Mar 31 20:22:17 2020,0,e0b6edf7,30678797460701191,期待
107.96700,1,25,16777215,Tue Mar 31 22:14:07 2020,0,3ac2b91d,30682315394383877,期待啊
9.66700,1,25,16777215,Tue Mar 31 23:24:33 2020,0,d95fb5dd,30684531034423303,egu！
0.08700,1,25,16777215,Tue Mar 31 23:37:01 2020,0,b491f5fd,30684923499118597,信长！！！
75.11500,1,25,16777215,Tue Mar 31 23:39:14 2020,0,b491f5fd,30684992937394181,有点那个
13.34600,1,25,16777215,Wed Apr  1 00:14:45 2020,0,67f076c7,30686110387011587,等好久了！！！！！！！！！
91.46100,1,25,16777215,Wed Apr  1 09:17:06 2020,0,5fac5461,30703171415310343,嗯嗯~
109.62800,1,25,16777215,Wed Apr  1 09:17:25 2020,0,5fac5461,30703180919603269,嗯嗨～
36.21300,1,25,16777215,Wed Apr  1 12:24:42 2020,0,4582cddd,30709072495902723,没有看过，听说过
31.91200,1,25,16777215,Wed Apr  1 16:48:50 2020,0,dcfdd562,30717381487624195,期待
16.64900,1,25,16777215,Thu Apr  2 00:20:36 2020,0,1ab75bb4,30731592837627907,看了超好看
23.64000,1,25,16777215,Thu Apr  2 00:20:43 2020,0,1ab75bb4,30731596498731015,我期待了半年！！
10.36900,1,25,16777215,Thu Apr  2 01:13:06 2020,0,3a04b56c,30733244318089219,大……大老师
0.00000,1,25,16777215,Thu Apr  2 14:45:10 2020,0,94f3d191,30758789949423621,信长信长！！
23.48300,1,25,16707842,Thu Apr  2 17:27:10 2020,0,26a020d2,30763885681180679,大爱由希
89.37100,1,25,16777215,Thu Apr  2 18:29:20 2020,0,a7b3a01a,30765841387618311,手挫螺旋丸
52.84500,1,25,16777215,Thu Apr  2 19:14:24 2020,0,5d30fedd,30767259141013511,看过去
34.24300,1,25,16777215,Thu Apr  2 21:45:43 2020,0,77df2d7b,30772018987663363,看了看了
40.99200,1,25,16777215,Thu Apr  2 21:45:49 2020,0,77df2d7b,30772022315319303,迫不及待
26.15300,1,25,16777215,Thu Apr  2 23:22:52 2020,0,65ce7623,30775075376988167,大老师
8.30600,5,25,15138834,Thu Apr  2 23:40:20 2020,0,a2193281,30775624723333127,比企谷八幡和五河士道
49.91300,1,25,16777215,Fri Apr  3 00:27:11 2020,0,24713a17,30777098178658311,大老师？
39.86400,1,25,16777215,Fri Apr  3 01:07:03 2020,0,570f439d,30778352569679879,超喜欢的！！
17.69400,1,25,16777215,Fri Apr  3 11:48:00 2020,0,aba1cba9,30798514940280837,看了看了！
15.83400,1,25,16777215,Fri Apr  3 12:10:52 2020,0,f3801037,30799234509832199,有生之年我哭了TnT
30.30000,1,25,16777215,Fri Apr  3 12:42:25 2020,0,a2193281,30800226563391493,哈哈哈，这样一站信长好矮
103.51700,1,25,16777215,Fri Apr  3 13:10:05 2020,0,40c65f0f,30801097117401095,我也想看阿夹的配音演员
46.28200,1,25,16777215,Fri Apr  3 14:00:38 2020,0,b9bfc3ea,30802687253544967,相声既视感
73.65600,1,25,16777215,Fri Apr  3 14:01:05 2020,0,b9bfc3ea,30802701620084739,期待中
92.34600,1,25,16777215,Fri Apr  3 14:01:24 2020,0,b9bfc3ea,30802711413260291,嗯嗯嗯
106.30300,1,25,16777215,Fri Apr  3 14:01:38 2020,0,b9bfc3ea,30802718737563651,嗯嗯嗯嗯嗯
114.15800,1,25,16777215,Fri Apr  3 14:01:46 2020,0,b9bfc3ea,30802722853748739,嗯嗯
13.21500,1,25,16777215,Fri Apr  3 14:29:47 2020,0,da3c599e,30803604355416071,ゆうき君
7.57900,1,25,16777215,Fri Apr  3 17:25:30 2020,0,874eb12f,30809131614470151,期待
28.26900,1,25,16777215,Fri Apr  3 19:19:28 2020,0,2976ec7a,30812717030309895,好可爱
99.69100,1,25,16777215,Fri Apr  3 20:10:21 2020,0,5554f68d,30814317599260677,嗯嗯嗯嗯嗯
35.77500,1,25,16777215,Fri Apr  3 20:23:04 2020,0,525749f7,30814717474766855,日本人说话不累吗？
6.93800,1,25,16777215,Fri Apr  3 21:22:06 2020,0,92c21073,30816574846795779,谢谢你们！！！！
14.89900,1,25,16777215,Fri Apr  3 21:22:14 2020,0,92c21073,30816579029565445,看了
27.66900,1,25,16777215,Fri Apr  3 22:04:37 2020,0,2648162b,30817912076369925,终于……
22.30800,1,25,16777215,Fri Apr  3 22:26:23 2020,0,5860a38e,30818596695310341,有生之年
29.83300,1,25,16777215,Fri Apr  3 23:24:53 2020,0,930f421f,30820437025882119,我的青春我可以
35.39200,1,25,16777215,Sat Apr  4 03:11:22 2020,0,25925454,30827561583378439,相声?
10.37200,1,25,16777215,Sat Apr  4 08:07:33 2020,0,28cba620,30836878993260551,可爱啊
20.87500,1,25,16777215,Sat Apr  4 08:07:44 2020,0,28cba620,30836884446380035,看了看了
99.76300,1,25,16777215,Sat Apr  4 08:44:17 2020,0,2ba0876a,30838034248761351,嗯～
105.04300,1,25,16777215,Sat Apr  4 09:05:28 2020,0,8c6bfe9c,30838700844253189,曰本相声
13.71000,1,25,16777215,Sat Apr  4 10:22:15 2020,0,ec99f470,30841115834843139,有生之年
66.40900,1,25,16777215,Sat Apr  4 11:50:31 2020,0,ff21c2d7,30843892668039171,嗯～
88.44600,1,25,16777215,Sat Apr  4 11:50:57 2020,0,ff21c2d7,30843906510815239,嗯⊙⊙！
102.95300,1,25,16777215,Sat Apr  4 11:51:16 2020,0,ff21c2d7,30843916442402821,瓦特
59.28900,1,25,16777215,Sat Apr  4 14:18:29 2020,0,5ad38766,30848547559047171,23333
37.52500,1,25,16777215,Sat Apr  4 14:58:21 2020,0,9532fe93,30849801317253127,期待
112.36000,1,25,16777215,Sat Apr  4 14:59:40 2020,0,9532fe93,30849842739150853,wwwww
13.16300,1,25,16777215,Sat Apr  4 15:16:35 2020,0,53484075,30850374809681927,看我发现了什么
77.62600,1,25,16777215,Sat Apr  4 16:06:33 2020,0,7e995951,30851946686447623,嗯嗯嗯
15.97200,1,25,16777215,Sat Apr  4 17:29:02 2020,0,cc92a89,30854541477937155,看了
22.59400,1,25,16777215,Sat Apr  4 17:29:11 2020,0,cc92a89,30854546327601159,看了
7.82900,1,25,16777215,Sat Apr  4 17:40:40 2020,0,c5861d1,30854907435679747,倒计时3天
22.41300,1,25,16777215,Sat Apr  4 19:02:49 2020,0,591eb22c,30857491802226695,有生之年！！！
28.85400,1,25,16777215,Sat Apr  4 19:37:24 2020,0,59771983,30858579349078021,我爱水果篮子
6.98700,1,25,16777215,Sat Apr  4 20:37:48 2020,0,41f0e082,30860479789793287,你好你好
33.99500,1,25,16777215,Sat Apr  4 20:38:15 2020,0,41f0e082,30860493916209157,不用谢
71.02700,1,25,16777215,Sat Apr  4 21:28:24 2020,0,71953461,30862071480451077,夹透一生推
31.03400,1,25,16777215,Sun Apr  5 00:05:40 2020,0,af18eccd,30867018677223431,可爱
21.41800,1,25,16777215,Sun Apr  5 00:28:57 2020,0,bdda6684,30867750863765509,伯爵在笑
20.67000,1,25,16777215,Sun Apr  5 01:09:20 2020,0,c851e69b,30869021231939591,有生之年
17.86200,1,25,16777215,Sun Apr  5 07:38:55 2020,0,3fba9d75,30881276777988103,ugo
44.96200,1,25,16777215,Sun Apr  5 11:02:06 2020,0,65c8a58f,30887667933642757,好好好欧耶
21.84000,1,25,16777215,Sun Apr  5 11:30:46 2020,0,cfa0864f,30888569614106631,这么快的么？
21.58000,1,25,16777215,Sun Apr  5 12:04:10 2020,0,e06596a5,30889620518993925,看了看了
80.88600,1,25,16777215,Sun Apr  5 12:05:09 2020,0,e06596a5,30889651627098119,嗯嗯嗯
98.44900,1,25,16777215,Sun Apr  5 12:15:32 2020,0,706940ae,30889978283163653,期待期待(B`B)
28.33100,1,25,16777215,Sun Apr  5 12:26:21 2020,0,70bbcda6,30890318614233091,期待
20.92600,1,25,16777215,Sun Apr  5 13:40:11 2020,0,3cb9e1a9,30892640781205509,帅气
12.80500,1,25,16777215,Sun Apr  5 13:51:55 2020,0,ecb05c7,30893009861083143,哇哇哇哇哇哇哇
70.17900,1,25,16777215,Sun Apr  5 14:44:00 2020,0,2dad2c66,30894648709873671,工口dd胖了23333
6.15000,1,25,16777215,Sun Apr  5 15:26:34 2020,0,40c1c97a,30895987563167751,信长
84.78600,1,25,16777215,Sun Apr  5 15:51:54 2020,0,46d5bf72,30896784257056775,嗯嗯嗯嗯嗯嗯
17.85100,1,25,16777215,Sun Apr  5 18:16:16 2020,0,5a3f7da8,30901326049181699,看了
106.64600,1,25,16777215,Sun Apr  5 19:29:19 2020,0,2916f06d,30903623916453895,嗯！
105.52800,1,25,16777215,Sun Apr  5 19:41:34 2020,0,132946f2,30904009016999943,期待由希的感情线，稀饭
23.68900,1,25,16777215,Sun Apr  5 20:19:46 2020,0,e9671ecd,30905211006484483,真的是有生之年系列
22.84800,1,25,16777215,Sun Apr  5 20:30:38 2020,0,a4e91a33,30905552771481667,看了看了
69.21700,1,25,16777215,Sun Apr  5 21:36:15 2020,0,95c25c5,30907616826228741,嗯嗯嗯（乖巧）
93.05700,1,25,16777215,Sun Apr  5 21:36:47 2020,0,95c25c5,30907633426235395,嗯！~
107.60900,1,25,16777215,Sun Apr  5 21:37:44 2020,0,95c25c5,30907663452209155,嗯嗯嗯嗯
19.11600,1,25,16777215,Sun Apr  5 22:22:21 2020,0,b247093e,30909066689118211,..
72.07300,1,25,16777215,Sun Apr  5 22:35:33 2020,0,c94f4c0e,30909482216718343,嗯嗯怪
27.54600,1,25,16777215,Mon Apr  6 04:36:27 2020,0,60ee1d24,30920834864906243,明天见
8.92100,1,25,16777215,Mon Apr  6 08:10:50 2020,0,f45dbba2,30927579058798599,我的天
68.50500,5,25,16777215,Mon Apr  6 08:41:50 2020,0,a120f206,30928554372366339,嗯 嗯 嗯嗯嗯嗯嗯嗯嗯嗯 pu～
12.39900,1,25,16777215,Mon Apr  6 09:37:26 2020,0,f3e46982,30930303011258371,大老师和优吉欧
19.78900,1,25,16777215,Mon Apr  6 10:00:38 2020,0,24c50fec,30931032869437445,看看了
110.09900,1,25,16777215,Mon Apr  6 10:03:02 2020,0,8ffeb922,30931108328112131,awsl
36.58600,1,25,16777215,Mon Apr  6 10:23:38 2020,0,6d45fc8b,30931756816793605,我的童年我可以
61.48600,1,25,16777215,Mon Apr  6 11:37:56 2020,0,9c9791a4,30934094047608835,想看菜香！
120.98300,1,25,16777215,Mon Apr  6 11:39:07 2020,0,9c9791a4,30934130877792261,信长好可爱
21.23100,1,25,16777215,Mon Apr  6 12:44:05 2020,0,9b6d07c4,30936174878523395,有生之年
21.08700,1,25,16777215,Mon Apr  6 13:49:30 2020,0,a32185ad,30938232398020615,看看
27.77700,1,25,16777215,Mon Apr  6 13:49:37 2020,0,a32185ad,30938235897118727,看看
21.75000,1,25,16777215,Mon Apr  6 13:59:24 2020,0,4bd16417,30938543796781059,看了看了
117.14800,1,25,16777215,Mon Apr  6 14:01:10 2020,0,4bd16417,30938599530168327,期待期待！
102.77600,1,25,16777215,Mon Apr  6 14:19:13 2020,0,e92d0927,30939167488737287,嗯嗯嗯嗯嗯嗯嗯
20.78500,1,25,16777215,Mon Apr  6 14:20:00 2020,0,e92d0927,30939192215207943,只要我活得久！
7.18700,1,25,16777215,Mon Apr  6 16:08:06 2020,0,b57ee2fe,30942592368115719,信长笑得好可爱
9.84400,1,25,16777215,Mon Apr  6 17:56:48 2020,0,33bba179,30946012167143431,有生之年
18.47100,1,25,16777215,Mon Apr  6 21:25:08 2020,0,c42f84c4,30952565589409797,开心
25.40000,1,25,16777215,Mon Apr  6 22:04:00 2020,0,ceadfc6,30953788247375875,没看
21.51000,1,25,16777215,Mon Apr  6 22:15:17 2020,0,2bb39dd7,30954143363366919,有生之年终于能看到了！！
22.16000,1,25,16777215,Mon Apr  6 22:40:06 2020,0,902e52c5,30954923591991301,看了
26.00500,1,25,16777215,Mon Apr  6 23:50:56 2020,0,b6770320,30957151841157127,egu三三！！
31.46700,1,25,16777215,Tue Apr  7 00:19:54 2020,0,c98df4a9,30958063339438083,五河士道
31.46700,1,25,16777215,Tue Apr  7 00:20:00 2020,0,c98df4a9,30958066119737349,优吉欧
103.40300,1,25,16777215,Tue Apr  7 00:22:02 2020,0,c98df4a9,30958130448826371,期待期待
107.70500,1,25,16777215,Tue Apr  7 01:05:21 2020,0,95646e49,30959492852088839,嗯！
86.98700,1,25,16777215,Tue Apr  7 02:23:33 2020,0,670eb27b,30961953088733189,在日本，别人说话的时候，说一些附和词啥的，表示正在认真听对方说话
59.33900,1,25,16777215,Tue Apr  7 03:31:22 2020,0,f660ab03,30964085983543301,哪去了
11.84600,1,25,16777215,Tue Apr  7 07:35:24 2020,0,41822b25,30971762942410755,今天开始辽嘿嘿
9.41100,1,25,13369971,Tue Apr  7 10:46:27 2020,0,78ab6324,30977772791267331,哦吼吼我来辽
99.39600,1,25,16777215,Tue Apr  7 11:26:14 2020,0,76a8a70,30979024063823879,嗯嗯嫩
42.05900,1,25,16777215,Tue Apr  7 12:34:51 2020,0,9275de2d,30981182748360709,相声
2.58500,1,25,16777215,Tue Apr  7 13:17:02 2020,0,86b15814,30982509513146375,五河士道，士道士道士道士道。哇士道
28.70800,1,25,16777215,Tue Apr  7 23:17:08 2020,0,511e1c4d,31001387010621443,那个25仔原来是你啊
75.86800,1,25,16777215,Wed Apr  8 00:43:18 2020,0,c1b04dec,31004097617854469,嗯嗯嗯
21.17300,1,25,16777215,Wed Apr  8 07:48:05 2020,0,76639e3,31017460494761991,信长的声线配的全部都是我本命啊！！！！！！1
78.20400,1,25,16777215,Wed Apr  8 12:37:13 2020,0,43bfc826,31026555697758215,嗯嗯嗯嗯
111.94200,1,25,16777215,Wed Apr  8 17:33:09 2020,0,381f6f51,31035864910397443,嗯嗯嗯额恩恩
92.50100,1,25,16777215,Wed Apr  8 22:45:09 2020,0,e38cbbd9,31045679622651909,嗯嗯嗯嗯嗯嗯嗯嗯嗯
72.69200,1,25,15138834,Thu Apr  9 19:12:49 2020,0,182b01e3,31084298693509123,嗯 嗯 嗯嗯 嗯嗯 嗯
88.45200,1,25,15138834,Thu Apr  9 19:13:13 2020,0,182b01e3,31084311284809733,嗯嗯嗯嗯嗯嗯嗯嗯
32.35700,1,25,16777215,Sat Apr 11 01:25:07 2020,0,1698e2c2,31141308800696325,大老师好帅！
4.89400,1,25,16777215,Sat Apr 11 19:25:12 2020,0,a2a24403,31175285198553155,egueguegu
36.74600,1,25,16777215,Sun Apr 12 00:20:23 2020,0,21ab0f76,31184570682441731,迦勒底的辣个男银！！！！
7.64400,1,25,16777215,Mon Apr 13 20:44:47 2020,0,cb098737,31268385619181573,几秒不见
11.72900,5,25,16776960,Mon Apr 13 23:07:45 2020,0,fbd5d70b,31272882823233543,比企谷八幡   五河士道
67.86700,1,25,16777215,Tue Apr 14 09:29:20 2020,0,7ffe91bc,31292436034093061,嗯~嗯~嗯~
114.33000,1,25,16777215,Tue Apr 14 12:03:22 2020,0,c7ae2265,31297281782710275,我快笑死了
39.07100,1,25,16777215,Tue Apr 14 13:42:03 2020,0,ea685ec3,31300385837678597,信长的声音，简直太清爽太王子了
117.88700,1,25,16777215,Tue Apr 14 19:15:39 2020,0,44508bb1,31310880210681861,一个嗯嗯怪，一个点头怪
8.12600,1,25,16777215,Tue Apr 14 21:40:23 2020,0,eff4e7a4,31315433018621957,谢谢你配真锅！我终于终于终于看见了动画版的真锅，还听到他的声音，awsl
68.51400,1,25,16777215,Tue Apr 14 21:41:32 2020,0,eff4e7a4,31315469050314759,专业嗯啊这是
42.82900,1,25,16777215,Wed Apr 15 10:06:28 2020,0,4d97a0ee,31338902707503109,信长
75.05700,1,25,16646914,Wed Apr 15 16:36:41 2020,0,f2ba06ea,31351177980411909,嗯嗯嗯嗯嗯嗯嗯嗯嗯嗯嗯嗯嗯嗯嗯嗯嗯嗯笑死我了
20.63500,1,25,16777215,Thu Apr 16 09:21:34 2020,0,2c102438,31382789030936579,哇哇
10.02000,1,25,16777215,Sat Apr 18 11:18:01 2020,0,a8cff364,31477049149882371,哇哦
17.52000,1,25,16777215,Sat Apr 18 11:18:09 2020,0,a8cff364,31477053019127813,看了
67.68400,1,25,16777215,Tue Apr 21 04:21:15 2020,0,2f90471c,31599834256375815,太草了
71.75100,1,25,16777215,Tue Apr 21 18:55:31 2020,0,bb78f36,31627336351219717,嗯嗯嗯嗯
100.23800,1,25,16777215,Tue Apr 21 18:55:59 2020,0,bb78f36,31627351123558405,嗯嗯嗯
114.67300,1,25,16777215,Tue Apr 21 18:56:14 2020,0,bb78f36,31627358674878471,嗯~~！
28.82200,1,25,16777215,Tue Apr 21 22:12:10 2020,0,e26695b9,31633522177343495,商业语气哈哈
119.55300,1,25,16777215,Wed Apr 22 21:39:33 2020,0,671b82cb,31677794955558919,可可爱爱
13.36600,1,25,16777215,Wed Apr 22 23:28:48 2020,0,439a2d9b,31681231561162755,哈哈哈哈可爱！
94.64000,1,25,16777215,Thu Apr 23 18:24:08 2020,0,34c571b1,31716945781325831,嗯嗯嗯嗯嗯嗯嗯嗯嗯嗯
42.45300,5,25,16777215,Fri Apr 24 14:02:46 2020,0,4a48ea76,31754022615515143,好像相声2333
86.76600,1,25,16777215,Sat Apr 25 20:26:11 2020,0,d84f9c0a,31811382229336069,嗯嗯嗯嗯
102.65800,1,25,16765698,Sat Apr 25 20:26:23 2020,0,d84f9c0a,31811388502441991,嗯嗯嗯嗯嗯嗯嗯嗯嗯
15.26900,1,25,16777215,Tue Apr 28 19:01:21 2020,0,1af6f7f2,31944608993771523,yes！！！！！
92.38300,1,25,16777215,Tue Apr 28 21:13:45 2020,0,70783b2f,31948774105939975,阿立也奈
16.28800,1,25,16777215,Thu Apr 30 14:33:52 2020,0,a19d79b7,32026791632175111,egu！！！
17.81200,1,25,16777215,Fri May  1 16:32:26 2020,0,48f9a883,32075819897061381,egu！
15.05200,1,25,16777215,Tue May  5 09:58:40 2020,0,822382f9,32244627128451079,看过啦
64.02600,1,25,16777215,Tue May  5 18:16:16 2020,0,6b892bfd,32260280426692615,天空之树egu
18.09500,1,25,16777215,Wed May  6 12:04:40 2020,0,cff5dc3f,32293889281359877,比企谷八幡
0.08700,1,25,16777215,Sat May  9 11:23:15 2020,0,a380f07f,32428481898872839,大老师和士道（doge）
11.69300,1,25,16777215,Sat May  9 11:23:34 2020,0,a380f07f,32428491908055047,比企谷和士道
99.11000,1,25,16777215,Tue May 12 10:01:20 2020,0,2c102438,32561800578859011,小透是谁配的
37.26000,1,25,16777215,Tue May 12 13:08:08 2020,0,2003e8fd,32567676788801539,真锅是谁？
4.32700,1,25,16777215,Thu May 14 19:51:22 2020,0,af1fe726,32670958127939589,哈哈哈哈
37.13100,1,25,16777215,Tue May 19 10:51:21 2020,0,adf09d28,32880463192260613,讲相声
24.78400,1,25,16777215,Tue May 19 13:37:41 2020,0,c6f9b2b,32885695626346501,考哥.jpg
72.23900,1,25,16777215,Tue May 26 02:12:23 2020,0,4f8f7b59,33181227299635207,嗯？
41.64700,1,25,16777215,Tue May 26 19:56:00 2020,0,eb9e831f,33214685749182471,说相声呢？
29.10600,1,25,16777215,Tue Jun  2 23:43:03 2020,0,84801d88,33538917475549187,大老师的cv好帅啊
23.80600,1,25,16777215,Tue Jun  9 09:23:38 2020,0,eb069b0d,33828972074631171,哇哇哇哇哇
8.93900,1,25,16777215,Thu Jun 11 09:35:19 2020,0,9993403c,33919936499810309,立香，茄子在找你啦。
11.75200,5,25,41194,Mon Jun 15 22:31:15 2020,0,4a49986c,34125539268624391,刚田猛男            砂川诚
53.90700,1,25,14811775,Sun Jun 21 08:24:08 2020,0,c5087de1,34370681892765699,粉粉粉粉粉
68.37700,1,25,16777215,Tue Jun 23 12:57:51 2020,0,d9a7ba00,34469889405616131,嗯，嗯，嗯嗯嗯……嗯 哈哈哈哈
94.92100,1,25,16777215,Wed Jun 24 01:39:40 2020,0,725c2a24,34493854082662405,嗯嗯嗯嗯，嗯嗯嗯，，我
20.32600,1,25,16777215,Sat Jun 27 18:08:46 2020,0,36788154,34660863827247107,看了
12.80600,1,25,16777215,Tue Jun 30 02:13:25 2020,0,b4237f22,34766706533466115,小叔子组合！
